,min,max
N,0.0,103.0
P,0.0,135.0
K,0.0,201.0
temperature,16.65416454,43.23
humidity,11.7568074,97.56
ph,4.619763798,8.14
rainfall,7.89,291.2986618
